nom,prix,adresse,image
Perruches,Prixsurdemande,"Point E, Dakar, Sénégal",background-image:url(https://images.coinafrique.com/thumb_751123_uploaded_image1_1563297186.25.png)
Carpe Koï Japonaise ( Aquarium),50000,"Dakar-Plateau, Dakar, Sénégal",background-image:url(https://images.coinafrique.com/thumb_827220_uploaded_image1_1565349629.12.png)
Perruches,Prixsurdemande,Sénégal,background-image:url(https://images.coinafrique.com/thumb_845280_uploaded_image1_1565952077.54.png)
Poisson d'aquarium,35000,Sénégal,background-image:url(https://images.coinafrique.com/thumb_863425_uploaded_image1_1566425287.55.png)
Bœuf,400000,"Guediawaye, Dakar, Sénégal",background-image:url(https://images.coinafrique.com/thumb_885779_uploaded_image2_1566997623.56.png)
Chèvre Balami,200000,"Saint Louis, Sénégal",background-image:url(https://images.coinafrique.com/thumb_917895_uploaded_image1_1567801722.96.png)
Verrat de race Large white,200000,Sénégal,background-image:url(https://images.coinafrique.com/thumb_929881_uploaded_image1_1568141260.81.png)
Mouton ladoum pure sang,Prixsurdemande,Sénégal,background-image:url(https://images.coinafrique.com/thumb_1011139_uploaded_image1_1569950027.26.png)
Boeuf,Prixsurdemande,"Dakar, Sénégal",background-image:url(https://images.coinafrique.com/thumb_1129419_uploaded_image1_1572391697.86.png)
Bœufs,350000,Sénégal,background-image:url(https://images.coinafrique.com/thumb_1198114_uploaded_image1_1573729988.56.png)
Paon bleu,Prixsurdemande,"Parcelle Assainies, Dakar, Sénégal",background-image:url(https://images.coinafrique.com/thumb_1310387_uploaded_image1_1575790267.47.png)
Perruches,Prixsurdemande,"Dakar, Sénégal",background-image:url(https://images.coinafrique.com/thumb_1389654_uploaded_image1_1577304861.89.png)
Oiseaux exotiques,20000,"Dakar, Sénégal",background-image:url(https://images.coinafrique.com/thumb_1393968_uploaded_image1_1577393598.45.png)
Perruches,Prixsurdemande,"Mermoz-Sacré-Cœur, Dakar, Sénégal",background-image:url(https://images.coinafrique.com/thumb_1395598_uploaded_image1_1577437294.33.png)
Oies de guinée,Prixsurdemande,"Thies, Sénégal",background-image:url(https://images.coinafrique.com/thumb_1417652_uploaded_image1_1577968881.34.png)
Cheval,400000,"Fatick, Sénégal",background-image:url(https://images.coinafrique.com/thumb_1421196_uploaded_image1_1578050637.48.png)
Cheval,400000,"Fatick, Sénégal",background-image:url(https://images.coinafrique.com/thumb_1421206_uploaded_image2_1578050744.82.png)
Oies toulouse,Prixsurdemande,"Fass, Dakar, Sénégal",background-image:url(https://images.coinafrique.com/thumb_1428089_uploaded_image1_1578172839.3.png)
Vaches,275000,"Rufisque, Sénégal",background-image:url(https://images.coinafrique.com/thumb_1500655_uploaded_image1_1579358078.9.png)
Boeufs,750000,"Tambacounda, Sénégal",background-image:url(https://images.coinafrique.com/thumb_1544433_uploaded_image1_1580089804.86.png)
Bœuf,600000,"Keur Massar, Sénégal",background-image:url(https://images.coinafrique.com/thumb_1606230_uploaded_image1_1581008311.59.png)
Chat siamois,350000,"Dakar, Sénégal",background-image:url(https://images.coinafrique.com/thumb_1825906_uploaded_image2_1584739800.55.png)
Chat Siamois,Prixsurdemande,"Fann, Dakar, Sénégal",background-image:url(https://images.coinafrique.com/thumb_1899735_uploaded_image1_1586139854.78.png)
Perruches,Prixsurdemande,"Fann, Dakar, Sénégal",background-image:url(https://images.coinafrique.com/thumb_1934309_uploaded_image1_1586712626.03.png)
Chaton Persan,Prixsurdemande,"Fann, Dakar, Sénégal",background-image:url(https://images.coinafrique.com/thumb_1935403_uploaded_image1_1586726495.69.png)
Vaches,Prixsurdemande,"Diourbel, Sénégal",background-image:url(https://images.coinafrique.com/thumb_1935629_uploaded_image1_1586731094.02.png)
Bœufs,Prixsurdemande,"Diourbel, Sénégal",background-image:url(https://images.coinafrique.com/thumb_1954085_uploaded_image1_1587026162.65.jpeg)
Chaton,Prixsurdemande,"Fann, Dakar, Sénégal",background-image:url(https://images.coinafrique.com/thumb_1962491_uploaded_image1_1587134135.76.jpeg)
Boeuf,475,"Dakar Plateau, Dakar, Sénégal",background-image:url(https://images.coinafrique.com/thumb_1998573_uploaded_image1_1587685670.89.jpeg)
Chaton persan chinchilla,Prixsurdemande,"Fann, Dakar, Sénégal",background-image:url(https://images.coinafrique.com/thumb_2025374_uploaded_image1_1588119661.jpg)
Chaton persan blanc,Prixsurdemande,"Fann, Dakar, Sénégal",background-image:url(https://images.coinafrique.com/thumb_2052355_uploaded_image1_1588568181.jpg)
Chèvre Race Boer,650000,"Patte d'oie, Dakar, Sénégal",background-image:url(https://images.coinafrique.com/thumb_2061898_uploaded_image1_1588694077.jpg)
Boeuf,Prixsurdemande,"Sicap Liberté, Dakar, Sénégal",background-image:url(https://images.coinafrique.com/thumb_2088141_uploaded_image1_1589099089.jpg)
Boeuf,Prixsurdemande,"Fann, Dakar, Sénégal",background-image:url(https://images.coinafrique.com/thumb_2101700_uploaded_image1_1589308300.jpg)
Bœuf élevage,750000,"Guediawaye, Dakar, Sénégal",background-image:url(https://images.coinafrique.com/thumb_2147334_uploaded_image1_1590007941.jpg)
Boeufs,Prixsurdemande,"Dakar, Sénégal",background-image:url(https://images.coinafrique.com/thumb_2161624_uploaded_image1_1590236359.jpg)
Poussins brahman et cochin,Prixsurdemande,"Keur Massar, Sénégal",background-image:url(https://images.coinafrique.com/thumb_2230369_uploaded_image1_1591316836.jpg)
Boeufs,600000,"Bambey, Sénégal",background-image:url(https://images.coinafrique.com/thumb_2239779_uploaded_image1_1591466346.jpg)
Chaton york chocolat,150000,"Dakar, Sénégal",background-image:url(https://images.coinafrique.com/thumb_2240976_uploaded_image1_1591487576.jpg)
Taureau Nélore,Prixsurdemande,"Guediawaye, Dakar, Sénégal",background-image:url(https://images.coinafrique.com/thumb_2251055_uploaded_image1_1591656431.jpg)
Oies,1000,"Dakar, Sénégal",background-image:url(https://images.coinafrique.com/thumb_2275120_uploaded_image1_1591990153.jpg)
Vache,Prixsurdemande,"Dakar, Sénégal",background-image:url(https://images.coinafrique.com/thumb_2276153_uploaded_image1_1592008517.jpg)
Oies,130000,"Medina, Dakar, Sénégal",background-image:url(https://images.coinafrique.com/thumb_2281845_uploaded_image1_1592124037.jpg)
Perruches,Prixsurdemande,"Point E, Dakar, Sénégal",background-image:url(https://images.coinafrique.com/thumb_2296024_uploaded_image1_1592332889.jpg)
Kittens / chatons,90000,"Yoff, Dakar, Sénégal",background-image:url(https://images.coinafrique.com/thumb_2319268_uploaded_image1_1592689460.jpg)
Dinde,20000,"Dakar, Sénégal",background-image:url(https://images.coinafrique.com/thumb_2351112_uploaded_image1_1593181120.jpg)
Couples Paons,250000,"Keur Massar, Sénégal",background-image:url(https://images.coinafrique.com/thumb_2394305_uploaded_image2_1593898972.jpeg)
Souris blanc,Prixsurdemande,"Hann Bel-Air, Dakar, Sénégal",background-image:url(https://images.coinafrique.com/thumb_2407511_uploaded_image1_1594131854.jpg)
Dindes,Prixsurdemande,"Mbour, Sénégal",background-image:url(https://images.coinafrique.com/thumb_2421638_uploaded_image1_1594369039.jpg)
Géniteur hollandais Holstein,1200000,"Mboro, Sénégal",background-image:url(https://images.coinafrique.com/thumb_2430101_uploaded_image1_1594560513.jpg)
Vaches hollandaises,Prixsurdemande,"Saint Louis, Sénégal",background-image:url(https://images.coinafrique.com/thumb_2434087_uploaded_image1_1594647765.jpg)
Oies,80000,"Diourbel, Sénégal",background-image:url(https://images.coinafrique.com/thumb_2550824_uploaded_image1_1597673774.jpg)
Vaches laitières,2000000,"Mbour, Sénégal",background-image:url(https://images.coinafrique.com/thumb_2687649_uploaded_image1_1602441772.jpg)
Canard,35000,"Mamelles, Dakar, Sénégal",background-image:url(https://images.coinafrique.com/thumb_2703622_uploaded_image1_1603049550.jpg)
Dinde d'amérique,Prixsurdemande,"Guediawaye, Dakar, Sénégal",background-image:url(https://images.coinafrique.com/thumb_2735977_uploaded_image1_1604436594.jpg)
Chaton Angora Turc,100000,"Dakar, Sénégal",background-image:url(https://images.coinafrique.com/thumb_2826620_uploaded_image1_1607777038.jpg)
Vache,550000,"Bambey, Sénégal",background-image:url(https://images.coinafrique.com/thumb_2846588_uploaded_image1_1608636321.jpg)
Chaton angora,130000,"Fann, Dakar, Sénégal",background-image:url(https://images.coinafrique.com/thumb_2851191_uploaded_image1_1608834265.jpg)
Veau,250000,"HLM, Dakar, Sénégal",background-image:url(https://images.coinafrique.com/thumb_2856538_uploaded_image1_1609162542.jpg)
Chatons,Prixsurdemande,"Grand Dakar, Dakar, Sénégal",background-image:url(https://images.coinafrique.com/thumb_2860327_uploaded_image1_1609342553.jpg)
Canard Colvert,50000,"Thies, Sénégal",background-image:url(https://images.coinafrique.com/thumb_2876451_uploaded_image1_1610052488.jpg)
Chaton noir blanc,Prixsurdemande,"Mamelles, Dakar, Sénégal",background-image:url(https://images.coinafrique.com/thumb_2886750_uploaded_image1_1610486302.jpg)
Chaton Angora turque,160000,"Grand Dakar, Dakar, Sénégal",background-image:url(https://images.coinafrique.com/thumb_2966724_uploaded_image1_1614082274.jpg)
Bœuf,425000,"Guediawaye, Dakar, Sénégal",background-image:url(https://images.coinafrique.com/thumb_3012014_uploaded_image1_1616250290.jpg)
Oie adulte,80000,"Dakar, Sénégal",background-image:url(https://images.coinafrique.com/thumb_3025291_uploaded_image1_1616933629.jpg)
Taureau géniteur laitier,2000000,"Sicap Liberté, Dakar, Sénégal",background-image:url(https://images.coinafrique.com/thumb_3039728_uploaded_image1_1617557251.jpg)
Cheval,650000,"Dakar, Sénégal",background-image:url(https://images.coinafrique.com/thumb_3053064_uploaded_image1_1618156860.jpg)
Chaton,Prixsurdemande,"Almadies, Dakar, Sénégal",background-image:url(https://images.coinafrique.com/thumb_3054622_uploaded_image1_1618231466.jpg)
Couple perruche arc en ciel,40000,"Mermoz-Sacré Coeur, Dakar, Sénégal",background-image:url(https://images.coinafrique.com/thumb_3092218_uploaded_image1_1619966133.jpg)
Trio dindes d’amérique,65000,"Mbao, Dakar, Sénégal",background-image:url(https://images.coinafrique.com/thumb_3092550_uploaded_image1_1619979240.jpg)
Vache,300000,"HLM, Dakar, Sénégal",background-image:url(https://images.coinafrique.com/thumb_3095614_uploaded_image1_1620093462.jpg)
Couple perruches ondulées,100000,"Mermoz-Sacré Coeur, Dakar, Sénégal",background-image:url(https://images.coinafrique.com/thumb_3116528_uploaded_image1_1621091686.jpg)
Oiseaux exotiques,Prixsurdemande,"Dakar, Sénégal",background-image:url(https://images.coinafrique.com/thumb_3119376_uploaded_image1_1621259652.jpg)
Couple colvert,30000,"Dakar, Sénégal",background-image:url(https://images.coinafrique.com/thumb_3127244_uploaded_image1_1621622446.jpg)
Oie géant,85000,"Mbour, Sénégal",background-image:url(https://images.coinafrique.com/thumb_3133835_uploaded_image1_1621994387.jpg)
Boeuf,800000,"Bambey, Sénégal",background-image:url(https://images.coinafrique.com/thumb_3140204_uploaded_image1_1622308324.jpg)
Poisson vivant,Prixsurdemande,"Yoff, Dakar, Sénégal",background-image:url(https://images.coinafrique.com/thumb_3140939_uploaded_image1_1622373784.jpg)
Rat,Prixsurdemande,"Almadies, Dakar, Sénégal",background-image:url(https://images.coinafrique.com/thumb_3156125_uploaded_image1_1622977662.jpg)
Paonneau,Prixsurdemande,"Mbao, Dakar, Sénégal",background-image:url(https://images.coinafrique.com/thumb_3164991_uploaded_image1_1623339895.jpg)
Dinde,Prixsurdemande,"Touba, Sénégal",background-image:url(https://images.coinafrique.com/thumb_3165522_uploaded_image1_1623360382.jpg)
Couple dinde,Prixsurdemande,"Touba, Sénégal",background-image:url(https://images.coinafrique.com/thumb_3169645_uploaded_image2_1623581040.jpeg)
Cheval,450000,"Pikine, Sénégal",background-image:url(https://images.coinafrique.com/thumb_3169679_uploaded_image1_1623583685.jpg)
Oies,60000,"Dakar, Sénégal",background-image:url(https://images.coinafrique.com/thumb_3172011_uploaded_image1_1623695650.jpg)
Perruches ondulées,20000,"Point E, Dakar, Sénégal",background-image:url(https://images.coinafrique.com/thumb_3215371_uploaded_image1_1625676061.jpg)
Chatons 2 et 3 mois,Prixsurdemande,"Grand Dakar, Dakar, Sénégal",background-image:url(https://images.coinafrique.com/thumb_3222114_uploaded_image1_1626003610.jpg)
Perruche ondulée,15000,"Point E, Dakar, Sénégal",background-image:url(https://images.coinafrique.com/thumb_3243586_uploaded_image1_1627157324.jpg)
Bœufs,740000,"Dieuppeul-Derklé, Dakar, Sénégal",background-image:url(https://images.coinafrique.com/thumb_3253864_uploaded_image1_1627751756.jpg)
Chaton,Prixsurdemande,"Mermoz-Sacré Coeur, Dakar, Sénégal",background-image:url(https://images.coinafrique.com/thumb_3254310_uploaded_image1_1627784670.jpg)
Poisson aquarium,12000,"Dakar Plateau, Dakar, Sénégal",background-image:url(https://images.coinafrique.com/thumb_3256827_uploaded_image1_1627902901.jpg)
Taureau,740000,"Dieuppeul-Derklé, Dakar, Sénégal",background-image:url(https://images.coinafrique.com/thumb_3263210_uploaded_image1_1628122860.jpg)
Taureau,740000,"Dieuppeul-Derklé, Dakar, Sénégal",background-image:url(https://images.coinafrique.com/thumb_3269989_uploaded_image1_1628451897.jpg)
Taureau,450000,"Parcelle Assainies, Dakar, Sénégal",background-image:url(https://images.coinafrique.com/thumb_3271377_uploaded_image1_1628524523.jpg)
Oies adultes,130000,"Guediawaye, Dakar, Sénégal",background-image:url(https://images.coinafrique.com/thumb_3273490_uploaded_image1_1628621055.jpg)
Boeuf,650000,"Grand Dakar, Dakar, Sénégal",background-image:url(https://images.coinafrique.com/thumb_3282945_uploaded_image1_1629127993.jpg)
Vache,600000,"Niaga, Sénégal",background-image:url(https://images.coinafrique.com/thumb_3287170_uploaded_image1_1629317800.jpg)
Vache,600000,"Niaga, Sénégal",background-image:url(https://images.coinafrique.com/thumb_3287171_uploaded_image1_1629317948.jpg)
Chèvre mâle,Prixsurdemande,"Mermoz-Sacré Coeur, Dakar, Sénégal",background-image:url(https://images.coinafrique.com/thumb_3315646_uploaded_image1_1630745395.jpg)
Oie gardien,90000,"Dakar, Sénégal",background-image:url(https://images.coinafrique.com/thumb_3316810_uploaded_image1_1630785291.jpg)
Oie guinéen,100000,"Dakar, Sénégal",background-image:url(https://images.coinafrique.com/thumb_3316816_uploaded_image1_1630785391.jpg)
Veaux,Prixsurdemande,"Dieuppeul-Derklé, Dakar, Sénégal",background-image:url(https://images.coinafrique.com/thumb_3318063_uploaded_image1_1630865928.jpg)
Caille,2500,"Parcelle Assainies, Dakar, Sénégal",background-image:url(https://images.coinafrique.com/thumb_3319937_uploaded_image1_1630948254.jpg)
Cailleteaux,400,"Parcelle Assainies, Dakar, Sénégal",background-image:url(https://images.coinafrique.com/thumb_3319946_uploaded_image1_1630948417.jpg)
Perruche,24000,"Hann Bel-Air, Dakar, Sénégal",background-image:url(https://images.coinafrique.com/thumb_3321530_uploaded_image1_1631021949.jpg)
Bœuf,1200000,"Guediawaye, Dakar, Sénégal",background-image:url(https://images.coinafrique.com/thumb_3330908_uploaded_image1_1631459213.jpg)
Veaux,250000,"Dieuppeul-Derklé, Dakar, Sénégal",background-image:url(https://images.coinafrique.com/thumb_3335012_uploaded_image1_1631654129.jpg)
Perruches,Prixsurdemande,"Guediawaye, Dakar, Sénégal",background-image:url(https://images.coinafrique.com/thumb_3336754_uploaded_image1_1631736919.jpg)
Chaton,40000,"Almadies, Dakar, Sénégal",background-image:url(https://images.coinafrique.com/thumb_3341213_uploaded_image1_1631968364.jpg)
Carpe Koï,100000,"Dakar Plateau, Dakar, Sénégal",background-image:url(https://images.coinafrique.com/thumb_3345713_uploaded_image1_1632222841.jpg)
Géniteur Holstein,2200000,"Dakar, Sénégal",background-image:url(https://images.coinafrique.com/thumb_3348819_uploaded_image1_1632352628.jpg)
Taureaux Holstein,2500000,"Dakar, Sénégal",background-image:url(https://images.coinafrique.com/thumb_3348822_uploaded_image1_1632352988.jpg)
Veaux,250000,"Dieuppeul-Derklé, Dakar, Sénégal",background-image:url(https://images.coinafrique.com/thumb_3350491_uploaded_image1_1632436028.jpg)
Autruchon,300000,"Guediawaye, Dakar, Sénégal",background-image:url(https://images.coinafrique.com/thumb_3357168_uploaded_image1_1632871377.jpg)
Caille,2000,"Mermoz-Sacré Coeur, Dakar, Sénégal",background-image:url(https://images.coinafrique.com/thumb_3360468_uploaded_image1_1633037043.jpg)
Couple hermine,20000,"Dakar, Sénégal",background-image:url(https://images.coinafrique.com/thumb_3369362_uploaded_image1_1633438173.jpg)
Bœuf,500000,"Dakar, Sénégal",background-image:url(https://images.coinafrique.com/thumb_3369906_uploaded_image1_1633454163.jpg)
Paon bleu adulte,300000,"Keur Massar, Sénégal",background-image:url(https://images.coinafrique.com/thumb_3372722_uploaded_image1_1633568000.jpg)
Trio de paon bleu,450000,"Mbao, Dakar, Sénégal",background-image:url(https://images.coinafrique.com/thumb_3389732_uploaded_image1_1634436997.jpg)
Perruches,Prixsurdemande,"Guediawaye, Dakar, Sénégal",background-image:url(https://images.coinafrique.com/thumb_3395087_uploaded_image3_1634734337.jpeg)
Oies de toulouse,450000,"Mbour, Sénégal",background-image:url(https://images.coinafrique.com/thumb_3413662_uploaded_image1_1635765247.jpg)
Canards,Prixsurdemande,"Dakar, Sénégal",background-image:url(https://images.coinafrique.com/thumb_3422543_uploaded_image1_1636113502.jpg)
Couple dinde rouge,90000,"Dakar, Sénégal",background-image:url(https://images.coinafrique.com/thumb_3425196_uploaded_image1_1636231334.jpg)
Bœufs,Prixsurdemande,"Louga, Sénégal",background-image:url(https://images.coinafrique.com/thumb_3448056_uploaded_image1_1637499860.jpg)
Chaton siamois,Prixsurdemande,"Grand Dakar, Dakar, Sénégal",background-image:url(https://images.coinafrique.com/thumb_3450631_uploaded_image1_1637664547.jpg)
Bœuf,900000,"Bambey, Sénégal",background-image:url(https://images.coinafrique.com/thumb_3492877_uploaded_image1_1640096405.jpg)
Oies de toulouse,20000,"Dakar, Sénégal",background-image:url(https://images.coinafrique.com/thumb_3496368_uploaded_image2_1640341893.jpeg)
Paon,350000,"Mermoz-Sacré Coeur, Dakar, Sénégal",background-image:url(https://images.coinafrique.com/thumb_3500261_uploaded_image1_1640699224.jpg)
Hamster,15000,"Mbao, Dakar, Sénégal",background-image:url(https://images.coinafrique.com/thumb_3502571_uploaded_image1_1640864798.jpg)
Bœufs,300000,"Dieuppeul-Derklé, Dakar, Sénégal",background-image:url(https://images.coinafrique.com/thumb_3509381_uploaded_image1_1641354659.jpg)
Chat persan chinchilla,Prixsurdemande,"Fann-Point E-Amitié, Dakar, Sénégal",background-image:url(https://images.coinafrique.com/thumb_3515163_uploaded_image1_1641642618.jpg)
Cheval,Prixsurdemande,"Dakar, Sénégal",background-image:url(https://images.coinafrique.com/thumb_3515231_uploaded_image1_1641645085.jpg)
Cochon dinde,45000,"Thies, Sénégal",background-image:url(https://images.coinafrique.com/thumb_3520065_uploaded_image1_1641924846.jpg)
Cochon dinde,45000,"Thies, Sénégal",background-image:url(https://images.coinafrique.com/thumb_3520078_uploaded_image1_1641925243.jpg)
Cochon dinde,45000,"Thies, Sénégal",background-image:url(https://images.coinafrique.com/thumb_3520084_uploaded_image1_1641925340.jpg)
Bouc Espagnol,150000,"Louga, Sénégal",background-image:url(https://images.coinafrique.com/thumb_3523752_uploaded_image1_1642113362.jpg)
Hamsters,15000,"Mbao, Dakar, Sénégal",background-image:url(https://images.coinafrique.com/thumb_3525591_uploaded_image1_1642246209.jpg)
Jeune cheval,Prixsurdemande,"Dakar, Sénégal",background-image:url(https://images.coinafrique.com/thumb_3526170_uploaded_image1_1642274663.jpg)
Bœufs,900000,"Bambey, Sénégal",background-image:url(https://images.coinafrique.com/thumb_3544114_uploaded_image1_1643467299.jpg)
Cheval,500000,"Saint Louis, Sénégal",background-image:url(https://images.coinafrique.com/thumb_3569117_uploaded_image1_1644951974.jpg)
Poussins  d’oies,35000,"Dakar, Sénégal",background-image:url(https://images.coinafrique.com/thumb_3569402_uploaded_image1_1644969388.jpg)
Dinde mâle,20000,"Dakar, Sénégal",background-image:url(https://images.coinafrique.com/thumb_3575899_uploaded_image1_1645394898.jpg)
Poussin caille,500,"Parcelle Assainies, Dakar, Sénégal",background-image:url(https://images.coinafrique.com/thumb_3576048_uploaded_image1_1645409801.jpg)
Caille,8000,"Kaolack, Sénégal",background-image:url(https://images.coinafrique.com/thumb_3607957_uploaded_image1_1647266236.jpg)
Chatons,400000,"Fann, Dakar, Sénégal",background-image:url(https://images.coinafrique.com/thumb_3613416_uploaded_image1_1647551529.jpg)
Hamster,15000,"Mbao, Dakar, Sénégal",background-image:url(https://images.coinafrique.com/thumb_3615764_uploaded_image1_1647715657.jpg)
Chaton Angora,130000,"Fann, Dakar, Sénégal",background-image:url(https://images.coinafrique.com/thumb_3634435_uploaded_image1_1648913898.jpg)
Boeuf,Prixsurdemande,"Niaga, Sénégal",background-image:url(https://images.coinafrique.com/thumb_3645462_uploaded_image1_1649458078.jpg)
Boeuf,Prixsurdemande,"Niaga, Sénégal",background-image:url(https://images.coinafrique.com/thumb_3645463_uploaded_image1_1649458129.jpg)
Boeufs,900000,"Niaga, Sénégal",background-image:url(https://images.coinafrique.com/thumb_3651241_uploaded_image1_1649808275.jpg)
Chaton siamois,375000,"Fann, Dakar, Sénégal",background-image:url(https://images.coinafrique.com/thumb_3671821_uploaded_image1_1651072649.jpg)
Perroquet grand Haras,Prixsurdemande,"Yoff, Dakar, Sénégal",background-image:url(https://images.coinafrique.com/thumb_3672216_uploaded_image2_1651097217.jpeg)
Caille,2000,"Sicap foire, Dakar, Sénégal",background-image:url(https://images.coinafrique.com/thumb_3679001_uploaded_image1_1651592167.jpg)
Chaton Angora,160000,"Fann, Dakar, Sénégal",background-image:url(https://images.coinafrique.com/thumb_3681874_uploaded_image1_1651750026.jpg)
Hamster,15000,"Mbao, Dakar, Sénégal",background-image:url(https://images.coinafrique.com/thumb_3689324_uploaded_image1_1652181532.jpg)
Boeuf,Prixsurdemande,"Niaga, Sénégal",background-image:url(https://images.coinafrique.com/thumb_3691179_uploaded_image1_1652274956.jpg)
Perruches ondulées,12000,"Guediawaye, Dakar, Sénégal",background-image:url(https://images.coinafrique.com/thumb_3693176_uploaded_image1_1652374886.jpg)
Oie,65000,"Niaga, Sénégal",background-image:url(https://images.coinafrique.com/thumb_3719072_uploaded_image1_1654007070.jpg)
Vache,Prixsurdemande,"Niaga, Sénégal",background-image:url(https://images.coinafrique.com/thumb_3734952_uploaded_image1_1654795966.jpg)
Couple cochons d'inde,25000,"Sacré-Coeur, Dakar, Sénégal",background-image:url(https://images.coinafrique.com/thumb_3738425_uploaded_image1_1655026461.jpg)
Oiseaux exotiques,Prixsurdemande,"Dakar, Sénégal",background-image:url(https://images.coinafrique.com/thumb_3773129_uploaded_image1_1657027947.jpg)
Hamster,15000,"Sacré-Coeur, Dakar, Sénégal",background-image:url(https://images.coinafrique.com/thumb_3780966_uploaded_image1_1657566627.jpg)
Veau,300000,"Biscuiterie, Dakar, Sénégal",background-image:url(https://images.coinafrique.com/thumb_3784229_uploaded_image1_1657796861.jpg)
Cailles,100,"Keur Massar, Sénégal",background-image:url(https://images.coinafrique.com/thumb_3797181_uploaded_image1_1658618385.jpg)
Vache,Prixsurdemande,"Niaga, Sénégal",background-image:url(https://images.coinafrique.com/thumb_3798116_uploaded_image1_1658707333.jpg)
Peruche ondulée,10000,"Dakar Plateau, Dakar, Sénégal",background-image:url(https://images.coinafrique.com/thumb_3803986_uploaded_image1_1659036881.jpg)
Vache,1000000,"Bambey, Sénégal",background-image:url(https://images.coinafrique.com/thumb_3804681_uploaded_image1_1659094431.jpg)
Hamster dorée,15000,"Sacré-Coeur, Dakar, Sénégal",background-image:url(https://images.coinafrique.com/thumb_3814562_uploaded_image1_1659613355.jpg)
Bœuf,750000,"Niaga, Sénégal",background-image:url(https://images.coinafrique.com/thumb_3817866_uploaded_image1_1659784836.jpg)
Bœuf,Prixsurdemande,"Niaga, Sénégal",background-image:url(https://images.coinafrique.com/thumb_3819174_uploaded_image1_1659877769.jpg)
Vache,65000,"Biscuiterie, Dakar, Sénégal",background-image:url(https://images.coinafrique.com/thumb_3850590_uploaded_image1_1661716395.jpg)
Cobaye mâle,16000,"Thies, Sénégal",background-image:url(https://images.coinafrique.com/thumb_3868453_uploaded_image1_1662603701.jpg)
Œufs,9000,"Keur Massar, Sénégal",background-image:url(https://images.coinafrique.com/thumb_3862604_uploaded_image1_1662310160.jpg)
Paon,50000,"Yoff, Dakar, Sénégal",background-image:url(https://images.coinafrique.com/thumb_3901686_uploaded_image1_1664658095.jpg)
Cailles,2500,"Ziguinchor, Sénégal",background-image:url(https://images.coinafrique.com/thumb_3905361_uploaded_image1_1664880986.jpg)
Chaton Scottish Fold,Prixsurdemande,"Fann-Point E-Amitié, Dakar, Sénégal",background-image:url(https://images.coinafrique.com/thumb_3915043_uploaded_image1_1665477189.jpg)
Paons bleus,400000,"Mbour, Sénégal",background-image:url(https://images.coinafrique.com/thumb_3916692_uploaded_image1_1665568760.jpg)
Bœuf,700000,"Mbour, Sénégal",background-image:url(https://images.coinafrique.com/thumb_3916720_uploaded_image1_1665569801.jpg)
Anes,500000,"Mbour, Sénégal",background-image:url(https://images.coinafrique.com/thumb_3916725_uploaded_image1_1665569939.jpg)
Paon,450000,"Touba, Sénégal",background-image:url(https://images.coinafrique.com/thumb_3956247_uploaded_image2_1667916424.jpeg)
Perruches ondulées,12000,"Guediawaye, Dakar, Sénégal",background-image:url(https://images.coinafrique.com/thumb_3968286_uploaded_image1_1668632770.jpg)
Chèvre,50000,"Dakar, Sénégal",background-image:url(https://images.coinafrique.com/thumb_3985611_uploaded_image1_1669761997.jpg)
Bœufs,600000,"Bambey, Sénégal",background-image:url(https://images.coinafrique.com/thumb_3991901_uploaded_image1_1670076562.jpg)
Bœufs,600000,"Bambey, Sénégal",background-image:url(https://images.coinafrique.com/thumb_4001249_uploaded_image1_1670577657.jpg)
Chat persan hymalayen,350000,"Ngor, Dakar, Sénégal",background-image:url(https://images.coinafrique.com/thumb_4002094_uploaded_image1_1670612752.jpg)
Chaton Persan,400000,"Fann, Dakar, Sénégal",background-image:url(https://images.coinafrique.com/thumb_4004300_uploaded_image1_1670782309.jpg)
Boeuf,Prixsurdemande,"Niaga, Sénégal",background-image:url(https://images.coinafrique.com/thumb_4047285_uploaded_image1_1673554118.jpg)
Dindons,175000,"Dakar, Sénégal",background-image:url(https://images.coinafrique.com/thumb_4056115_uploaded_image1_1674103633.jpg)
Canards,20000,"Dakar, Sénégal",background-image:url(https://images.coinafrique.com/thumb_4056116_uploaded_image1_1674103896.jpg)
Dinde,50000,"Dakar, Sénégal",background-image:url(https://images.coinafrique.com/thumb_4060300_uploaded_image1_1674362008.jpg)
Oies,Prixsurdemande,"Niaga, Sénégal",background-image:url(https://images.coinafrique.com/thumb_4064457_uploaded_image1_1674641302.jpg)
Bœufs,Prixsurdemande,"Niaga, Sénégal",background-image:url(https://images.coinafrique.com/thumb_4089255_uploaded_image1_1676026530.jpg)
Cheval,Prixsurdemande,"Ouakam, Dakar, Sénégal",background-image:url(https://images.coinafrique.com/thumb_4092862_uploaded_image1_1676283623.jpg)
Chaton angora,180000,"Fann, Dakar, Sénégal",background-image:url(https://images.coinafrique.com/thumb_4102298_uploaded_image1_1676900131.jpg)
Chats siamois himalayen,300000,"Thies, Sénégal",background-image:url(https://images.coinafrique.com/thumb_4102440_uploaded_image1_1676904996.jpg)
Chèvre sahelienne,180000,"Mbour, Sénégal",background-image:url(https://images.coinafrique.com/thumb_4103018_uploaded_image1_1676929679.jpg)
Vaches,7000000,"Niaga, Sénégal",background-image:url(https://images.coinafrique.com/thumb_4131629_uploaded_image1_1678668784.jpg)
Canard colvert,32500,"Almadies 2, Dakar, Sénégal",background-image:url(https://images.coinafrique.com/thumb_4141195_uploaded_image1_1679311407.jpg)
Perroquet,20000,"Dakar, Sénégal",background-image:url(https://images.coinafrique.com/thumb_4141464_uploaded_image1_1679320795.jpg)
Bœuf,Prixsurdemande,"Niaga, Sénégal",background-image:url(https://images.coinafrique.com/thumb_4150854_uploaded_image1_1679921255.jpg)
Dindes,100000,"Parcelle Assainies, Dakar, Sénégal",background-image:url(https://images.coinafrique.com/thumb_4169870_uploaded_image1_1681057188.jpg)
Dindes,100000,"Parcelle Assainies, Dakar, Sénégal",background-image:url(https://images.coinafrique.com/thumb_4169875_uploaded_image1_1681057517.jpg)
Dinde,45000,"Touba, Sénégal",background-image:url(https://images.coinafrique.com/thumb_4170236_uploaded_image1_1681079402.jpg)
Bœuf,Prixsurdemande,"Niaga, Sénégal",background-image:url(https://images.coinafrique.com/thumb_4179472_uploaded_image1_1681680500.jpg)
Chaton siamois,240000,"Sacré-Coeur, Dakar, Sénégal",background-image:url(https://images.coinafrique.com/thumb_4180282_uploaded_image1_1681738114.jpg)
Couple de perruches,14900,"Thies, Sénégal",background-image:url(https://images.coinafrique.com/thumb_4180902_uploaded_image1_1681767382.jpg)
Perroquet,35000,"Dakar, Sénégal",background-image:url(https://images.coinafrique.com/thumb_4185842_uploaded_image1_1682102205.jpg)
Perruches,30000,"Hann Bel-Air, Dakar, Sénégal",background-image:url(https://images.coinafrique.com/thumb_4194617_uploaded_image1_1682759209.jpg)
Boeuf,600000,"Bambey, Sénégal",background-image:url(https://images.coinafrique.com/thumb_4196106_uploaded_image1_1682881461.jpg)
Cailles,7000,"Touba, Sénégal",background-image:url(https://images.coinafrique.com/thumb_4208226_uploaded_image1_1683592423.jpg)
Poissons aquarium,15000,"Dakar Plateau, Dakar, Sénégal",background-image:url(https://images.coinafrique.com/thumb_4213007_uploaded_image1_1683888858.jpg)
Chaton Siamois Himalayen,275000,"Fann, Dakar, Sénégal",background-image:url(https://images.coinafrique.com/thumb_4215680_uploaded_image1_1684074328.jpg)
Poussins bleus hollandais,1500,"Mbao, Dakar, Sénégal",background-image:url(https://images.coinafrique.com/thumb_4223952_uploaded_image1_1684611180.jpg)
Paon,400,"Touba, Sénégal",background-image:url(https://images.coinafrique.com/thumb_4226444_uploaded_image1_1684797786.jpg)
Paon,Prixsurdemande,"Yoff, Dakar, Sénégal",background-image:url(https://images.coinafrique.com/thumb_4250701_uploaded_image1_1686389684.jpg)
Poissons aquariums,7500,"Dakar Plateau, Dakar, Sénégal",background-image:url(https://images.coinafrique.com/thumb_4258053_uploaded_image1_1686843939.jpg)
Oies,45000,"Thies, Sénégal",background-image:url(https://images.coinafrique.com/thumb_4263743_uploaded_image1_1687283716.jpg)
Perruches ondulées,20000,"Dieuppeul-Derklé, Dakar, Sénégal",background-image:url(https://images.coinafrique.com/thumb_4268218_uploaded_image1_1687536623.jpg)
Chat persan chinchilla golden shaded,500000,"Sicap Liberté, Dakar, Sénégal",background-image:url(https://images.coinafrique.com/thumb_4268857_uploaded_image1_1687596952.jpg)
Chat persan chinchilla blue golden shaded,650000,"Sicap Liberté, Dakar, Sénégal",background-image:url(https://images.coinafrique.com/thumb_4268866_uploaded_image1_1687597344.jpg)
Chatons persans chinchilla golden shaded,500000,"Sicap Liberté, Dakar, Sénégal",background-image:url(https://images.coinafrique.com/thumb_4268926_uploaded_image1_1687601650.jpg)
Autruche,40000,"Bambey, Sénégal",background-image:url(https://images.coinafrique.com/thumb_4274068_uploaded_image1_1688027259.jpg)
Paon,290000,"Mermoz-Sacré Coeur, Dakar, Sénégal",background-image:url(https://images.coinafrique.com/thumb_4277277_uploaded_image1_1688258720.jpg)
Canard,30000,"Guediawaye, Dakar, Sénégal",background-image:url(https://images.coinafrique.com/thumb_4251761_uploaded_image1_1686479149.jpg)
Vache,Prixsurdemande,"Niaga, Sénégal",background-image:url(https://images.coinafrique.com/thumb_4284952_uploaded_image1_1688734268.jpg)
Poussins d'autruche,50000,"Bambey, Sénégal",background-image:url(https://images.coinafrique.com/thumb_4292496_uploaded_image1_1689236421.jpg)
Vache,600000,"Niaga, Sénégal",background-image:url(https://images.coinafrique.com/thumb_4303521_uploaded_image1_1689962163.jpg)
Bœuf,Prixsurdemande,"Niaga, Sénégal",background-image:url(https://images.coinafrique.com/thumb_4303523_uploaded_image1_1689962222.jpg)
Chaton Gimalayen Siamois,250000,"Fann, Dakar, Sénégal",background-image:url(https://images.coinafrique.com/thumb_4333502_uploaded_image1_1691932427.jpg)
Taureau,320000,"Rufisque, Sénégal",background-image:url(https://images.coinafrique.com/thumb_4335558_uploaded_image1_1692061499.jpg)
Chat Persan,650000,"Point E, Dakar, Sénégal",background-image:url(https://images.coinafrique.com/thumb_4386249_uploaded_image1_1695340690.jpg)
Chèvre,80000,"Thies, Sénégal",background-image:url(https://images.coinafrique.com/thumb_4387674_uploaded_image1_1695430824.jpg)
Veaux,450000,"Pikine, Sénégal",background-image:url(https://images.coinafrique.com/thumb_4407653_uploaded_image1_1696730126.jpg)
Dindes,30000,"Guediawaye, Dakar, Sénégal",background-image:url(https://images.coinafrique.com/thumb_4408804_uploaded_image1_1696809535.jpg)
Oies de Toulouse,Prixsurdemande,"Thies, Sénégal",background-image:url(https://images.coinafrique.com/thumb_4409000_uploaded_image1_1696840958.jpg)
Pintade,7000,"Keur Massar, Sénégal",background-image:url(https://images.coinafrique.com/thumb_4412768_uploaded_image1_1697036744.jpg)
Paon,65000,"Yoff, Dakar, Sénégal",background-image:url(https://images.coinafrique.com/thumb_4435457_uploaded_image1_1698661056.jpg)
Perruche ondulée,7000,"Thies, Sénégal",background-image:url(https://images.coinafrique.com/thumb_4452994_uploaded_image1_1699659802.jpg)
Cailles,1500,"Dakar, Sénégal",background-image:url(https://images.coinafrique.com/thumb_4454743_uploaded_image1_1699793813.jpg)
Perruches ondulées,15000,"Dieuppeul-Derklé, Dakar, Sénégal",background-image:url(https://images.coinafrique.com/thumb_4456156_uploaded_image1_1699884359.jpg)
Perruche Anglaise,40000,"Dieuppeul-Derklé, Dakar, Sénégal",background-image:url(https://images.coinafrique.com/thumb_4456172_uploaded_image1_1699885668.jpg)
Brittish Shorthair,800000,"Dakar Plateau, Dakar, Sénégal",background-image:url(https://images.coinafrique.com/thumb_4462219_uploaded_image1_1700244596.jpg)
Cochons,20000,"Keur Massar, Sénégal",background-image:url(https://images.coinafrique.com/thumb_4503058_uploaded_image1_1702806558.jpg)
Cochons,20000,"Keur Massar, Sénégal",background-image:url(https://images.coinafrique.com/thumb_4503064_uploaded_image1_1702806770.jpg)
Couple dinde,40000,"Kolda, Sénégal",background-image:url(https://images.coinafrique.com/thumb_4506000_uploaded_image1_1702997150.jpg)
Chatons Serval,1500000,"Saint Louis, Sénégal",background-image:url(https://images.coinafrique.com/thumb_4517799_uploaded_image1_1703777941.jpg)
Bœuf,Prixsurdemande,"Diamalaye 2, Dakar, Sénégal",background-image:url(https://images.coinafrique.com/thumb_4534540_uploaded_image1_1704746080.jpg)
Chaton Persan,400000,"Dakar, Sénégal",background-image:url(https://images.coinafrique.com/thumb_4540876_uploaded_image1_1705028116.jpg)
Chaton Scotish Fold,750000,"Fann, Dakar, Sénégal",background-image:url(https://images.coinafrique.com/thumb_4540889_uploaded_image1_1705029103.jpg)
Cochons d'inde,20000,"Keur Massar, Sénégal",background-image:url(https://images.coinafrique.com/thumb_4555313_uploaded_image1_1705776199.jpg)
Boeuf,600000,"Mbao, Dakar, Sénégal",background-image:url(https://images.coinafrique.com/thumb_4568012_uploaded_image1_1706543950.jpg)
Chaton Persan,400000,"Dakar Plateau, Dakar, Sénégal",background-image:url(https://images.coinafrique.com/thumb_4569529_uploaded_image1_1706630955.jpg)
Perroquet youyou,10000,"Dieuppeul-Derklé, Dakar, Sénégal",background-image:url(https://images.coinafrique.com/thumb_4570755_uploaded_image2_1706701706.jpeg)
Chaton Scottish Fold,750000,"Dakar Plateau, Dakar, Sénégal",background-image:url(https://images.coinafrique.com/thumb_4571582_uploaded_image1_1706729320.jpg)
Chaton Persan,400000,"Dakar Plateau, Dakar, Sénégal",background-image:url(https://images.coinafrique.com/thumb_4592914_uploaded_image1_1707885493.jpg)
Chaton Siamois Hymalayen,240000,"Dakar Plateau, Dakar, Sénégal",background-image:url(https://images.coinafrique.com/thumb_4593854_uploaded_image1_1707927839.jpg)
Chaton,Prixsurdemande,"Ngor, Dakar, Sénégal",background-image:url(https://images.coinafrique.com/thumb_4608863_uploaded_image1_1708712110.jpg)
Chat Persan Chinchilla,400000,"Dakar Plateau, Dakar, Sénégal",background-image:url(https://images.coinafrique.com/thumb_4623023_uploaded_image1_1709471973.jpg)
Chat Brittish Shorthair,700000,"Dakar Plateau, Dakar, Sénégal",background-image:url(https://images.coinafrique.com/thumb_4629619_uploaded_image1_1709768692.jpg)
Chaton Hymalayen Persan,270000,"Dakar Plateau, Dakar, Sénégal",background-image:url(https://images.coinafrique.com/thumb_4639205_uploaded_image1_1710275204.jpg)
Cage avec 3  oiseaux,60000,"Dakar, Sénégal",background-image:url(https://images.coinafrique.com/thumb_4640165_uploaded_image1_1710330525.jpg)
Chaton Himalayen,270000,"Dakar Plateau, Dakar, Sénégal",background-image:url(https://images.coinafrique.com/thumb_4642742_uploaded_image1_1710476161.jpg)
Chatons,Prixsurdemande,"Point E, Dakar, Sénégal",background-image:url(https://images.coinafrique.com/thumb_4646165_uploaded_image1_1710686670.jpg)
Canard Colvert,25000,"Mariste, Dakar, Sénégal",background-image:url(https://images.coinafrique.com/thumb_4650420_uploaded_image1_1710887873.jpg)
Chatons,Prixsurdemande,"Mariste, Dakar, Sénégal",background-image:url(https://images.coinafrique.com/thumb_4651939_uploaded_image1_1710967508.jpg)
Vache brune,Prixsurdemande,"Mbour, Sénégal",background-image:url(https://images.coinafrique.com/thumb_4664799_uploaded_image1_1711657831.jpg)
Paire de perruches ondulées,40000,"Mamelles, Dakar, Sénégal",background-image:url(https://images.coinafrique.com/thumb_4679396_uploaded_image1_1712411459.jpg)
Bœufs,Prixsurdemande,"Parcelle Assainies, Dakar, Sénégal",background-image:url(https://images.coinafrique.com/thumb_4679890_uploaded_image1_1712437211.jpg)
Chaton,Prixsurdemande,"Ngor, Dakar, Sénégal",background-image:url(https://images.coinafrique.com/thumb_4689687_uploaded_image1_1713000926.jpg)
Perruche,20000,"Mamelles, Dakar, Sénégal",background-image:url(https://images.coinafrique.com/thumb_4701230_uploaded_image1_1713565518.jpg)
Cailles,Prixsurdemande,"Touba, Sénégal",background-image:url(https://images.coinafrique.com/thumb_4701407_uploaded_image1_1713575328.jpg)
Hamster,5000,"Almadies, Dakar, Sénégal",background-image:url(https://images.coinafrique.com/thumb_4723216_uploaded_image1_1714726904.jpg)
Chat Siamois,300000,"Almadies, Dakar, Sénégal",background-image:url(https://images.coinafrique.com/thumb_4723220_uploaded_image1_1714727016.jpg)
Paon bleu,250000,"Rufisque, Sénégal",background-image:url(https://images.coinafrique.com/thumb_4686441_uploaded_image1_1712838619.jpg)
3 chatons,Prixsurdemande,"Mariste, Dakar, Sénégal",background-image:url(https://images.coinafrique.com/thumb_4751663_uploaded_image1_1716126912.jpg)
Boeuf,800000,"Kaolack, Sénégal",background-image:url(https://images.coinafrique.com/thumb_4752043_uploaded_image1_1716145974.jpg)
Vache  Montbéliard Holstein,Prixsurdemande,"Pikine, Sénégal",background-image:url(https://images.coinafrique.com/thumb_4753933_uploaded_image1_1716257630.jpg)
Vache Montbéliard et Holstein,Prixsurdemande,"Rufisque, Sénégal",background-image:url(https://images.coinafrique.com/thumb_4753935_uploaded_image1_1716257776.jpg)
Vaches Montbéliarde,Prixsurdemande,"Pikine, Sénégal",background-image:url(https://images.coinafrique.com/thumb_4753936_uploaded_image1_1716257870.jpg)
Vache laitière Montbéliarde,Prixsurdemande,"Guediawaye, Dakar, Sénégal",background-image:url(https://images.coinafrique.com/thumb_4765247_uploaded_image1_1716841792.jpg)
Chaton Angora,350000,"Dakar, Sénégal",background-image:url(https://images.coinafrique.com/thumb_4765270_uploaded_image1_1716842569.jpg)
Chat persan,400000,"Dakar Plateau, Dakar, Sénégal",background-image:url(https://images.coinafrique.com/thumb_4785131_uploaded_image1_1717786702.jpg)
Poussin Cochin disponible,17500,"Dakar, Sénégal",background-image:url(https://images.coinafrique.com/thumb_4794466_uploaded_image1_1718301585.jpg)
Cochin Fauve,17500,"Dakar, Sénégal",background-image:url(https://images.coinafrique.com/thumb_4794473_uploaded_image1_1718301841.jpg)
Chat scotish,750000,"Dakar Plateau, Dakar, Sénégal",background-image:url(https://images.coinafrique.com/thumb_4803206_uploaded_image1_1718912151.jpg)
Paon,140000,"Yoff, Dakar, Sénégal",background-image:url(https://images.coinafrique.com/thumb_4804686_uploaded_image1_1718999173.jpg)
Scottish fold et scottish straight de race pure,700000,"Dakar Plateau, Dakar, Sénégal",background-image:url(https://images.coinafrique.com/thumb_4808971_uploaded_image1_1719267956.jpg)
Chatons Persan pure race,450000,"Dakar Plateau, Dakar, Sénégal",background-image:url(https://images.coinafrique.com/thumb_4808981_uploaded_image1_1719268557.jpg)
Persan pure race,500000,"Dakar Plateau, Dakar, Sénégal",background-image:url(https://images.coinafrique.com/thumb_4818301_uploaded_image1_1719774491.jpg)
Perruches ondulées blanches,20000,"Dieuppeul-Derklé, Dakar, Sénégal",background-image:url(https://images.coinafrique.com/thumb_4846024_uploaded_image1_1721146605.jpg)
Perruche ondulée,30000,"Dieuppeul-Derklé, Dakar, Sénégal",background-image:url(https://images.coinafrique.com/thumb_4846053_uploaded_image1_1721147434.jpg)
Perruche ondulée,15000,"Dieuppeul-Derklé, Dakar, Sénégal",background-image:url(https://images.coinafrique.com/thumb_4846061_uploaded_image1_1721147785.jpg)
Vache montbéliardes,2000000,"Pikine, Sénégal",background-image:url(https://images.coinafrique.com/thumb_4851931_uploaded_image2_1721447498.jpeg)
Bœufs race Goudali,Prixsurdemande,"Dakar, Sénégal",background-image:url(https://images.coinafrique.com/thumb_4853741_uploaded_image1_1721569594.jpg)
Siamois,200000,"Yoff, Dakar, Sénégal",background-image:url(https://images.coinafrique.com/thumb_4855435_uploaded_image1_1721662817.jpg)
Chaton hiamalayen,200000,"Dakar Plateau, Dakar, Sénégal",background-image:url(https://images.coinafrique.com/thumb_4864117_uploaded_image1_1722115248.jpg)
Vache,350000,"Gassane, Sénégal",background-image:url(https://images.coinafrique.com/thumb_4864739_uploaded_image1_1722168896.jpg)
vache,Prixsurdemande,"Niaga, Sénégal",background-image:url(https://images.coinafrique.com/thumb_4878570_uploaded_image1_1722874635.jpg)
Œufs de caille,3000,"Thies, Sénégal",background-image:url(https://images.coinafrique.com/thumb_4880858_uploaded_image1_1722971406.jpg)
Autruche,750000,"Almadies 2, Dakar, Sénégal",background-image:url(https://images.coinafrique.com/thumb_4885138_uploaded_image1_1723173640.jpg)
Chatons persans chinchillas purs,550000,"Sicap Liberté, Dakar, Sénégal",background-image:url(https://images.coinafrique.com/thumb_4888897_uploaded_image1_1723397770.jpg)
Bœufs,Prixsurdemande,"Niaga, Sénégal",background-image:url(https://images.coinafrique.com/thumb_4895608_uploaded_image1_1723716978.jpg)
Poisson Aquarium,8500,"Dakar Plateau, Dakar, Sénégal",background-image:url(https://images.coinafrique.com/thumb_4898597_uploaded_image1_1723887709.jpg)
Perroquets,50000,"Point E, Dakar, Sénégal",background-image:url(https://images.coinafrique.com/thumb_4903200_uploaded_image1_1724163057.jpg)
Dinde rouge Ardenne,Prixsurdemande,"Guediawaye, Dakar, Sénégal",background-image:url(https://images.coinafrique.com/thumb_4917420_uploaded_image1_1724966404.jpg)
Poussins de canard,2500,"Guediawaye, Dakar, Sénégal",background-image:url(https://images.coinafrique.com/thumb_4917429_uploaded_image1_1724966703.jpg)
Chatons,Prixsurdemande,"Mariste, Dakar, Sénégal",background-image:url(https://images.coinafrique.com/thumb_4922546_uploaded_image1_1725269043.jpg)
Chat,350000,"Grand Dakar, Dakar, Sénégal",background-image:url(https://images.coinafrique.com/thumb_4928423_uploaded_image1_1725508257.jpg)
